id	host_age	exposure_type	residual	Distance	host_subject_id	predicted Distance
11829.A36.144.1	10.0	IH	0.10001378164087904	0.4958613546428965	Mouse 144	0.31160730422052973
11829.A36.144.11	15.0	IH	0.12078004299877765	0.5456795873412598	Mouse 144	0.3406592755609944
11829.A36.144.12	15.5	IH	-0.11509251739489851	0.3127122240816301	Mouse 144	0.34356447269504087
11829.A36.144.13	16.0	IH	-0.14407566673254008	0.286634271878035	Mouse 144	0.34646966982908733
11829.A36.144.14	16.5	IH	-0.1196424811171683	0.3139726546274532	Mouse 144	0.3493748669631338
11829.A36.144.15	17.0	IH	-0.0563102116419788	0.3802101212366892	Mouse 144	0.35228006409718027
11829.A36.144.16	17.5	IH	0.1603466012084548	0.5997721312211692	Mouse 144	0.35518526123122673
11829.A36.144.17	18.0	IH	0.1523262606676019	0.5946569878143628	Mouse 144	0.3580904583652732
11829.A36.144.18	18.5	IH	-0.09594593733827006	0.3492899869425373	Mouse 144	0.36099565549931967
11829.A36.144.20	19.5	IH	-0.007369877174840722	0.4436764413740596	Mouse 144	0.3668060497674126
11829.A36.144.3	11.0	IH	0.02842885412625684	0.4300868213963672	Mouse 144	0.31741769848862267
11829.A36.144.4	11.5	IH	0.06089950971295316	0.46546267411711	Mouse 144	0.32032289562266913
11829.A36.144.6	12.5	IH	0.06975129249713152	0.4801248511693813	Mouse 144	0.32613328989076207
11829.A36.144.7	13.0	IH	-0.007977919128857536	0.4053008366774387	Mouse 144	0.32903848702480853
11829.A36.144.8	13.5	IH	-0.05239806564961286	0.36378588729072986	Mouse 144	0.331943684158855
11829.A36.144.9	14.0	IH	0.139948745477653	0.5590378955520422	Mouse 144	0.33484888129290147
11829.A36.145.1	10.0	IH	0.35525405880411487	0.5712524703973356	Mouse 145	0.31160730422052973
11829.A36.145.10	14.5	IH	-0.16489854377841281	0.07724664202122616	Mouse 145	0.33775407842694793
11829.A36.145.11	15.0	IH	-0.14065728357192303	0.1043930993617624	Mouse 145	0.3406592755609944
11829.A36.145.12	15.5	IH	-0.08685225997878723	0.16110332008894468	Mouse 145	0.34356447269504087
11829.A36.145.13	16.0	IH	-0.06458248592333049	0.18627829127844786	Mouse 145	0.34646966982908733
11829.A36.145.14	16.5	IH	0.1580554763750755	0.4118214507109003	Mouse 145	0.3493748669631338
11829.A36.145.15	17.0	IH	-0.019761218782749584	0.2369099526871217	Mouse 145	0.35228006409718027
11829.A36.145.16	17.5	IH	0.016694361971961946	0.2762707305758797	Mouse 145	0.35518526123122673
11829.A36.145.17	18.0	IH	-0.03559206264319642	0.2268895030947678	Mouse 145	0.3580904583652732
11829.A36.145.18	18.5	IH	0.0929957819517429	0.3583825448237536	Mouse 145	0.36099565549931967
11829.A36.145.19	19.0	IH	-0.048613282228575444	0.2196786777774817	Mouse 145	0.36390085263336613
11829.A36.145.20	19.5	IH	0.10395819281528934	0.37515534995539296	Mouse 145	0.3668060497674126
11829.A36.145.3	11.0	IH	-0.07780227233897269	0.14400653352234102	Mouse 145	0.31741769848862267
11829.A36.145.4	11.5	IH	0.006960151706279921	0.2316741547016401	Mouse 145	0.32032289562266913
11829.A36.145.5	12.0	IH	-0.004471666812838393	0.22314753331656825	Mouse 145	0.3232280927567156
11829.A36.145.6	12.5	IH	-0.047474910404324555	0.18304948685912856	Mouse 145	0.32613328989076207
11829.A36.145.7	13.0	IH	-0.11153479232086445	0.12189480207663513	Mouse 145	0.32903848702480853
11829.A36.145.8	13.5	IH	-0.08728515199441578	0.14904963953713027	Mouse 145	0.331943684158855
11829.A36.145.9	14.0	IH	-0.10961105493463116	0.12962893373096135	Mouse 145	0.33484888129290147
11829.A36.146.10	14.5	IH	0.038822648253733605	0.32753057520119194	Mouse 146	0.33775407842694793
11829.A36.146.11	15.0	IH	-0.07091963094021467	0.22069349314129014	Mouse 146	0.3406592755609944
11829.A36.146.12	15.5	IH	-0.1910191240395245	0.10349919717602676	Mouse 146	0.34356447269504087
11829.A36.146.13	16.0	IH	-0.1376335344252116	0.15978998392438615	Mouse 146	0.34646966982908733
11829.A36.146.14	16.5	IH	-0.05249108531178126	0.24783763017186294	Mouse 146	0.3493748669631338
11829.A36.146.15	17.0	IH	-0.04202326865765055	0.2612106439600401	Mouse 146	0.35228006409718027
11829.A36.146.16	17.5	IH	0.01559407879837249	0.32173318855010963	Mouse 146	0.35518526123122673
11829.A36.146.17	18.0	IH	-0.058576758868501166	0.25046754801728244	Mouse 146	0.3580904583652732
11829.A36.146.18	18.5	IH	-0.06679641155998223	0.24515309245984784	Mouse 146	0.36099565549931967
11829.A36.146.19	19.0	IH	0.0006301818547231886	0.3154848830085997	Mouse 146	0.36390085263336613
11829.A36.146.20	19.5	IH	-0.03907074332946009	0.2786891549584629	Mouse 146	0.3668060497674126
11829.A36.146.21	20.0	IH	-0.06146743694718837	0.2591976584747811	Mouse 146	0.36971124690145907
11829.A36.146.3	11.0	IH	-0.06490370630230946	0.2034678407068236	Mouse 146	0.31741769848862267
11829.A36.146.4	11.5	IH	0.028289235166825688	0.2995659793100052	Mouse 146	0.32032289562266913
11829.A36.146.5	12.0	IH	0.04818841476536212	0.3223703560425881	Mouse 146	0.3232280927567156
11829.A36.146.6	12.5	IH	0.21770508847405384	0.4947922268853263	Mouse 146	0.32613328989076207
11829.A36.146.7	13.0	IH	0.19228105558203745	0.4722733911273564	Mouse 146	0.32903848702480853
11829.A36.146.8	13.5	IH	0.013029520224733249	0.29592705290409865	Mouse 146	0.331943684158855
11829.A36.146.9	14.0	IH	0.09430750746510935	0.3801102372785212	Mouse 146	0.33484888129290147
11829.A37.147.1	10.0	IH	0.2502109879036426	0.4912061326663282	Mouse 147	0.31160730422052973
11829.A37.147.10	14.5	IH	-0.07555183958663658	0.1915900793824672	Mouse 147	0.33775407842694793
11829.A37.147.11	15.0	IH	-0.08130297460295063	0.1887441415001996	Mouse 147	0.3406592755609944
11829.A37.147.12	15.5	IH	-0.08212457283515337	0.19082774040204334	Mouse 147	0.34356447269504087
11829.A37.147.13	16.0	IH	-0.09389130014430147	0.1819662102269417	Mouse 147	0.34646966982908733
11829.A37.147.14	16.5	IH	-0.08030824265099978	0.19845446485428986	Mouse 147	0.3493748669631338
11829.A37.147.15	17.0	IH	-0.040089491515093695	0.2415784131242424	Mouse 147	0.35228006409718027
11829.A37.147.16	17.5	IH	-0.04167037724902528	0.2429027245243573	Mouse 147	0.35518526123122673
11829.A37.147.17	18.0	IH	0.19073403495231517	0.4782123338597442	Mouse 147	0.3580904583652732
11829.A37.147.18	18.5	IH	-0.0832163101081882	0.2071671859332873	Mouse 147	0.36099565549931967
11829.A37.147.19	19.0	IH	-0.13378696882746532	0.15950172434805665	Mouse 147	0.36390085263336613
11829.A37.147.20	19.5	IH	0.09428030710582136	0.3904741974153898	Mouse 147	0.3668060497674126
11829.A37.147.3	11.0	IH	0.0259740541893905	0.272779593220169	Mouse 147	0.31741769848862267
11829.A37.147.4	11.5	IH	0.015255949387961237	0.2649666855527862	Mouse 147	0.32032289562266913
11829.A37.147.5	12.0	IH	-0.055938788998165956	0.1966771443007055	Mouse 147	0.3232280927567156
11829.A37.147.6	12.5	IH	0.013190626358159319	0.2687117567910772	Mouse 147	0.32613328989076207
11829.A37.147.7	13.0	IH	-0.01995199128785502	0.23847433627910936	Mouse 147	0.32903848702480853
11829.A37.147.8	13.5	IH	-0.06347201571902555	0.1978595089819853	Mouse 147	0.331943684158855
11829.A37.147.9	14.0	IH	0.06578086162205887	0.3300175834571162	Mouse 147	0.33484888129290147
11829.A37.148.1	10.0	IH	0.028833134300341567	0.2713027673855531	Mouse 148	0.31160730422052973
11829.A37.148.10	14.5	IH	0.00641760372001543	0.27503401101164515	Mouse 148	0.33775407842694793
11829.A37.148.11	15.0	IH	-0.028865244010868096	0.2426563604148081	Mouse 148	0.3406592755609944
11829.A37.148.12	15.5	IH	-0.058305861624680155	0.2161209399350425	Mouse 148	0.34356447269504087
11829.A37.148.13	16.0	IH	-0.050306564248139174	0.22702543444562995	Mouse 148	0.34646966982908733
11829.A37.148.14	16.5	IH	-0.10778729489170583	0.17244990093610976	Mouse 148	0.3493748669631338
11829.A37.148.15	17.0	IH	-0.03129924570889253	0.2518431472529695	Mouse 148	0.35228006409718027
11829.A37.148.16	17.5	IH	-0.004200175506845649	0.2818474145890629	Mouse 148	0.35518526123122673
11829.A37.148.17	18.0	IH	-0.07411137128026499	0.21484141594969	Mouse 148	0.3580904583652732
11829.A37.148.18	18.5	IH	-0.10432661588846864	0.1875313684755328	Mouse 148	0.36099565549931967
11829.A37.148.19	19.0	IH	-0.11921951673734063	0.1755436647607073	Mouse 148	0.36390085263336613
11829.A37.148.20	19.5	IH	-0.05051404018546668	0.2471543384466277	Mouse 148	0.3668060497674126
11829.A37.148.3	11.0	IH	0.08913104140024503	0.3374110687535495	Mouse 148	0.31741769848862267
11829.A37.148.4	11.5	IH	-0.06536553988878613	0.1858196845985648	Mouse 148	0.32032289562266913
11829.A37.148.5	12.0	IH	0.05340181747824335	0.30749223909964074	Mouse 148	0.3232280927567156
11829.A37.148.6	12.5	IH	0.2965440080710564	0.5535396268265003	Mouse 148	0.32613328989076207
11829.A37.148.7	13.0	IH	0.08661925127502529	0.3465200671645156	Mouse 148	0.32903848702480853
11829.A37.148.8	13.5	IH	-0.006400199757623681	0.2564058132659131	Mouse 148	0.331943684158855
11829.A37.148.9	14.0	IH	-0.05203300955032494	0.2136782006072583	Mouse 148	0.33484888129290147
11829.A37.149.1	10.0	IH	0.26818359157314514	0.5273027072918957	Mouse 149	0.31160730422052973
11829.A37.149.10	14.5	IH	-0.12225983917937133	0.16300605074579738	Mouse 149	0.33775407842694793
11829.A37.149.11	15.0	IH	0.023208167827350024	0.3113792548865652	Mouse 149	0.3406592755609944
11829.A37.149.12	15.5	IH	-0.1017086821812298	0.18936760201203184	Mouse 149	0.34356447269504087
11829.A37.149.13	16.0	IH	0.06531647924185441	0.3592979605691625	Mouse 149	0.34646966982908733
11829.A37.149.14	16.5	IH	-0.02443404780589087	0.2724526306554637	Mouse 149	0.3493748669631338
11829.A37.149.15	17.0	IH	0.041894523852187726	0.3416863994475888	Mouse 149	0.35228006409718027
11829.A37.149.16	17.5	IH	-0.08694589143235767	0.21575118129708984	Mouse 149	0.35518526123122673
11829.A37.149.17	18.0	IH	-0.010501448484027454	0.2951008213794665	Mouse 149	0.3580904583652732
11829.A37.149.18	18.5	IH	0.06671025764563404	0.3752177246431745	Mouse 149	0.36099565549931967
11829.A37.149.19	19.0	IH	-0.07541655288777083	0.2359961112438161	Mouse 149	0.36390085263336613
11829.A37.149.20	19.5	IH	-0.030918908733065964	0.2833989525325674	Mouse 149	0.3668060497674126
11829.A37.149.3	11.0	IH	0.06113571742926527	0.3260652274161087	Mouse 149	0.31741769848862267
11829.A37.149.4	11.5	IH	0.07814163948688241	0.3459763466077723	Mouse 149	0.32032289562266913
11829.A37.149.5	12.0	IH	-0.07433631358995957	0.1964035906649768	Mouse 149	0.3232280927567156
11829.A37.149.6	12.5	IH	-0.035300936130531535	0.2383441652584513	Mouse 149	0.32613328989076207
11829.A37.149.7	13.0	IH	0.054043651180516294	0.3305939497035456	Mouse 149	0.32903848702480853
11829.A37.149.8	13.5	IH	-0.08522382312523577	0.19423167253184	Mouse 149	0.331943684158855
11829.A37.149.9	14.0	IH	-0.15718976136582452	0.12517093142529773	Mouse 149	0.33484888129290147
11829.A37.150.1	10.0	IH	0.15261612406843	0.4345624080754589	Mouse 150	0.31160730422052973
11829.A37.150.10	14.5	IH	0.10966595945214502	0.4177590176655921	Mouse 150	0.33775407842694793
11829.A37.150.11	15.0	IH	-0.13229326146910272	0.1787049938783908	Mouse 150	0.3406592755609944
11829.A37.150.12	15.5	IH	0.05489792263180976	0.36880137511334976	Mouse 150	0.34356447269504087
11829.A37.150.13	16.0	IH	0.06695604124536564	0.3837646908609521	Mouse 150	0.34646966982908733
11829.A37.150.14	16.5	IH	-0.22737241077282114	0.0923414359768118	Mouse 150	0.3493748669631338
11829.A37.150.15	17.0	IH	-0.007961665827581677	0.3146573780560977	Mouse 150	0.35228006409718027
11829.A37.150.16	17.5	IH	-0.08617172268005646	0.2393525183376694	Mouse 150	0.35518526123122673
11829.A37.150.17	18.0	IH	0.03208506214720519	0.3605145002989775	Mouse 150	0.3580904583652732
11829.A37.150.18	18.5	IH	-0.044279468950870815	0.287055166334948	Mouse 150	0.36099565549931967
11829.A37.150.19	19.0	IH	-0.15453204443095794	0.17970778798890732	Mouse 150	0.36390085263336613
11829.A37.150.20	19.5	IH	-0.10216713358178697	0.23497789597212476	Mouse 150	0.3668060497674126
11829.A37.150.21	20.0	IH	-0.04050710044646172	0.2995431262414965	Mouse 150	0.36971124690145907
11829.A37.150.3	11.0	IH	0.012278331111522711	0.3000350093866445	Mouse 150	0.31741769848862267
11829.A37.150.4	11.5	IH	0.11385539033242342	0.4045172657415917	Mouse 150	0.32032289562266913
11829.A37.150.5	12.0	IH	0.04877751001252356	0.3423445825557383	Mouse 150	0.3232280927567156
11829.A37.150.7	13.0	IH	0.15834469112318011	0.4577221579344878	Mouse 150	0.32903848702480853
11829.A37.150.8	13.5	IH	0.10363812311522436	0.4059207870605785	Mouse 150	0.331943684158855
11829.A37.150.9	14.0	IH	-0.14010998424926996	0.16507787683013064	Mouse 150	0.33484888129290147
11829.A38.151.1	10.0	IH	0.2044394598398072	0.6300183648116607	Mouse 151	0.31160730422052973
11829.A38.151.10	14.5	IH	0.06071928289988576	0.5124449620781575	Mouse 151	0.33775407842694793
11829.A38.151.11	15.0	IH	0.246124323361602	0.7007551996739202	Mouse 151	0.3406592755609944
11829.A38.151.12	15.5	IH	0.254336118550679	0.7118721919970437	Mouse 151	0.34356447269504087
11829.A38.151.13	16.0	IH	-0.0281453827910082	0.4322958877894029	Mouse 151	0.34646966982908733
11829.A38.151.14	16.5	IH	0.04593243505391681	0.5092789027683744	Mouse 151	0.3493748669631338
11829.A38.151.15	17.0	IH	0.17759276791594786	0.6438444327644519	Mouse 151	0.35228006409718027
11829.A38.151.17	18.0	IH	0.17039312505360243	0.6424551841701994	Mouse 151	0.3580904583652732
11829.A38.151.18	18.5	IH	0.1586323063271345	0.6335995625777779	Mouse 151	0.36099565549931967
11829.A38.151.19	19.0	IH	0.11903639803611071	0.5969088514208006	Mouse 151	0.36390085263336613
11829.A38.151.20	19.5	IH	0.21787990178120514	0.6986575522999415	Mouse 151	0.3668060497674126
11829.A38.151.3	11.0	IH	-0.19571257776462894	0.2356767214753175	Mouse 151	0.31741769848862267
11829.A38.151.4	11.5	IH	-0.25979753302335695	0.174496963350636	Mouse 151	0.32032289562266913
11829.A38.151.5	12.0	IH	-0.15549710513746168	0.2817025883705777	Mouse 151	0.3232280927567156
11829.A38.151.6	12.5	IH	-0.23469268743363145	0.2054122032084544	Mouse 151	0.32613328989076207
11829.A38.151.7	13.0	IH	-0.2897386565868773	0.15327143118925501	Mouse 151	0.32903848702480853
11829.A38.151.8	13.5	IH	-0.08451324045832198	0.3614020444518568	Mouse 151	0.331943684158855
11829.A38.151.9	14.0	IH	-0.09083184156991092	0.35798864047431433	Mouse 151	0.33484888129290147
11829.A38.152.1	10.0	IH	0.389509919529602	0.7923916663318078	Mouse 152	0.31160730422052973
11829.A38.152.10	14.5	IH	0.1814404203908332	0.6104689413994572	Mouse 152	0.33775407842694793
11829.A38.152.11	15.0	IH	0.18163082648054352	0.613564544623214	Mouse 152	0.3406592755609944
11829.A38.152.12	15.5	IH	0.15127704563643385	0.5861159609131508	Mouse 152	0.34356447269504087
11829.A38.152.13	16.0	IH	0.08361335304238415	0.5213574654531475	Mouse 152	0.34646966982908733
11829.A38.152.14	16.5	IH	0.017051265843336327	0.4577005753881462	Mouse 152	0.3493748669631338
11829.A38.152.15	17.0	IH	0.04156151027383248	0.4851160169526888	Mouse 152	0.35228006409718027
11829.A38.152.16	17.5	IH	0.1828280193122408	0.6292877231251436	Mouse 152	0.35518526123122673
11829.A38.152.17	18.0	IH	0.029749276729263863	0.4791141776762131	Mouse 152	0.3580904583652732
11829.A38.152.18	18.5	IH	0.17001419306854482	0.6222842911495405	Mouse 152	0.36099565549931967
11829.A38.152.19	19.0	IH	-0.0027648305176906085	0.4524104646973516	Mouse 152	0.36390085263336613
11829.A38.152.20	19.5	IH	0.07003340884431908	0.5281139011934077	Mouse 152	0.3668060497674126
11829.A38.152.21	20.0	IH	-0.039694356275504994	0.4212913332076301	Mouse 152	0.36971124690145907
11829.A38.152.3	11.0	IH	-0.12801089659534087	0.28068124447495785	Mouse 152	0.31741769848862267
11829.A38.152.4	11.5	IH	-0.06777126705659159	0.3438260711477536	Mouse 152	0.32032289562266913
11829.A38.152.5	12.0	IH	-0.04896075977209097	0.3655417755663007	Mouse 152	0.3232280927567156
11829.A38.152.6	12.5	IH	-0.13857255840625243	0.2788351740661857	Mouse 152	0.32613328989076207
11829.A38.152.7	13.0	IH	-0.3444454549324892	0.0758674746739954	Mouse 152	0.32903848702480853
11829.A38.152.8	13.5	IH	-0.2972854139027177	0.12593271283781335	Mouse 152	0.331943684158855
11829.A38.152.9	14.0	IH	-0.17800849922244408	0.24811482465213344	Mouse 152	0.33484888129290147
11829.A38.153.1	10.0	IH	0.10107330796792624	0.5694249531330536	Mouse 153	0.31160730422052973
11829.A38.153.10	14.5	IH	0.03698713123949782	0.5314855506110434	Mouse 153	0.33775407842694793
11829.A38.153.11	15.0	IH	0.08946684937287175	0.5868704658784638	Mouse 153	0.3406592755609944
11829.A38.153.12	15.5	IH	0.024415115741192706	0.5247239293808312	Mouse 153	0.34356447269504087
11829.A38.153.13	16.0	IH	0.1273358887615228	0.6305498995352078	Mouse 153	0.34646966982908733
11829.A38.153.14	16.5	IH	-0.02883617431824137	0.4772830335894901	Mouse 153	0.3493748669631338
11829.A38.153.15	17.0	IH	0.05461843019688928	0.5636428352386672	Mouse 153	0.35228006409718027
11829.A38.153.16	17.5	IH	0.0796282784366168	0.5915578806124412	Mouse 153	0.35518526123122673
11829.A38.153.17	18.0	IH	0.15510270106465807	0.6699375003745289	Mouse 153	0.3580904583652732
11829.A38.153.18	18.5	IH	0.019283187040423755	0.5370231834843411	Mouse 153	0.36099565549931967
11829.A38.153.19	19.0	IH	0.11947872027363327	0.6401239138515971	Mouse 153	0.36390085263336613
11829.A38.153.20	19.5	IH	-0.08978044079023734	0.4337699499217729	Mouse 153	0.3668060497674126
11829.A38.153.3	11.0	IH	-0.13010381563164136	0.34405822380157897	Mouse 153	0.31741769848862267
11829.A38.153.4	11.5	IH	-0.1487133491628811	0.3283538874043857	Mouse 153	0.32032289562266913
11829.A38.153.5	12.0	IH	0.14602214363112198	0.6259945773324352	Mouse 153	0.3232280927567156
11829.A38.153.6	12.5	IH	-0.2208328253233488	0.2620448055120109	Mouse 153	0.32613328989076207
11829.A38.153.7	13.0	IH	-0.029135665720025683	0.4566471622493805	Mouse 153	0.32903848702480853
11829.A38.153.8	13.5	IH	0.060937019855215935	0.5496250449586686	Mouse 153	0.331943684158855
11829.A38.153.9	14.0	IH	0.06786212526755386	0.559455347505053	Mouse 153	0.33484888129290147
11829.A38.154.10	14.5	IH	0.012318827097358431	0.3262345209792967	Mouse 154	0.33775407842694793
11829.A38.154.12	15.5	IH	0.059896613514703656	0.3796227016647349	Mouse 154	0.34356447269504087
11829.A38.154.13	16.0	IH	-0.05565628497984376	0.26697500030423393	Mouse 154	0.34646966982908733
11829.A38.154.14	16.5	IH	0.055433330914464785	0.38096981333258895	Mouse 154	0.3493748669631338
11829.A38.154.15	17.0	IH	0.09346417684058345	0.4219058563927541	Mouse 154	0.35228006409718027
11829.A38.154.16	17.5	IH	0.09870085176712012	0.4300477284533372	Mouse 154	0.35518526123122673
11829.A38.154.17	18.0	IH	0.14112546985933816	0.4753775436796017	Mouse 154	0.3580904583652732
11829.A38.154.18	18.5	IH	0.1470891411215905	0.4842464120759005	Mouse 154	0.36099565549931967
11829.A38.154.19	19.0	IH	-0.021745327775240797	0.3183171403131157	Mouse 154	0.36390085263336613
11829.A38.154.20	19.5	IH	0.17095357853981652	0.5139212437622195	Mouse 154	0.3668060497674126
11829.A38.154.21	20.0	IH	0.0919910349453324	0.4378638973017818	Mouse 154	0.36971124690145907
11829.A38.154.3	11.0	IH	0.0007807266726110873	0.2943600406162241	Mouse 154	0.31741769848862267
11829.A38.154.4	11.5	IH	-0.15209415033602744	0.14439036074163206	Mouse 154	0.32032289562266913
11829.A38.154.5	12.0	IH	-0.028472489539465073	0.2709172186722409	Mouse 154	0.3232280927567156
11829.A38.154.6	12.5	IH	-0.24056258091725952	0.06173232442849293	Mouse 154	0.32613328989076207
11829.A38.154.7	13.0	IH	-0.24244209309874032	0.06275800938105859	Mouse 154	0.32903848702480853
11829.A38.154.8	13.5	IH	-0.19690847691011587	0.1111968227037295	Mouse 154	0.331943684158855
11829.A39.155.1	10.0	IH	0.08145988766804624	0.3729162949024111	Mouse 155	0.31160730422052973
11829.A39.155.10	14.5	IH	-0.01086541553085213	0.30673776590993096	Mouse 155	0.33775407842694793
11829.A39.155.11	15.0	IH	-0.05739089052283386	0.2631174880519957	Mouse 155	0.3406592755609944
11829.A39.155.12	15.5	IH	0.1765745564142196	0.4999881321230956	Mouse 155	0.34356447269504087
11829.A39.155.13	16.0	IH	0.0324095401174222	0.3587283129603447	Mouse 155	0.34646966982908733
11829.A39.155.14	16.5	IH	0.015826022622116964	0.3450499925990859	Mouse 155	0.3493748669631338
11829.A39.155.15	17.0	IH	-0.13138632458704846	0.20074284252396696	Mouse 155	0.35228006409718027
11829.A39.155.16	17.5	IH	-0.07459293029577668	0.2604414339492852	Mouse 155	0.35518526123122673
11829.A39.155.17	18.0	IH	0.02023202291567522	0.3581715842947836	Mouse 155	0.3580904583652732
11829.A39.155.18	18.5	IH	-0.052891224213571064	0.28795353429958376	Mouse 155	0.36099565549931967
11829.A39.155.19	19.0	IH	-0.020061240468097097	0.3236887151791042	Mouse 155	0.36390085263336613
11829.A39.155.20	19.5	IH	-0.05093686076113946	0.2957182920201083	Mouse 155	0.3668060497674126
11829.A39.155.3	11.0	IH	0.059380457940995	0.3566472594434528	Mouse 155	0.31741769848862267
11829.A39.155.4	11.5	IH	0.040652030190072186	0.3408240288265765	Mouse 155	0.32032289562266913
11829.A39.155.5	12.0	IH	-0.062142251967397644	0.2409349438031531	Mouse 155	0.3232280927567156
11829.A39.155.6	12.5	IH	-0.040773358631078394	0.26520903427351883	Mouse 155	0.32613328989076207
11829.A39.155.7	13.0	IH	0.0920529689454192	0.4009405589840629	Mouse 155	0.32903848702480853
11829.A39.155.8	13.5	IH	0.05768829220388272	0.3694810793765729	Mouse 155	0.331943684158855
11829.A39.155.9	14.0	IH	-0.13113384792614832	0.1835641363805883	Mouse 155	0.33484888129290147
11829.A39.156.1	10.0	IH	0.15163010182783182	0.4747874727015946	Mouse 156	0.31160730422052973
11829.A39.156.10	14.5	IH	-0.1361572950597046	0.2131468500204764	Mouse 156	0.33775407842694793
11829.A39.156.11	15.0	IH	0.049494007165190756	0.4017033493794182	Mouse 156	0.3406592755609944
11829.A39.156.12	15.5	IH	-0.057249102786164296	0.2978654365621096	Mouse 156	0.34356447269504087
11829.A39.156.13	16.0	IH	-0.11449055883107209	0.2435291776512483	Mouse 156	0.34646966982908733
11829.A39.156.14	16.5	IH	-0.02629946702821273	0.3346254665881541	Mouse 156	0.3493748669631338
11829.A39.156.15	17.0	IH	0.0524860782284301	0.4163162089788434	Mouse 156	0.35228006409718027
11829.A39.156.16	17.5	IH	-0.043613540286238095	0.3231217875982217	Mouse 156	0.35518526123122673
11829.A39.156.17	18.0	IH	0.10920024616787544	0.4788407711863817	Mouse 156	0.3580904583652732
11829.A39.156.19	19.0	IH	-0.011217966079292152	0.36423295320730703	Mouse 156	0.36390085263336613
11829.A39.156.20	19.5	IH	0.028641865920313925	0.4069979823409596	Mouse 156	0.3668060497674126
11829.A39.156.3	11.0	IH	0.1744294576597865	0.5033972228016422	Mouse 156	0.31741769848862267
11829.A39.156.4	11.5	IH	0.1690225728325569	0.5008955351084591	Mouse 156	0.32032289562266913
11829.A39.156.5	12.0	IH	-0.060815782822598696	0.27396237658734995	Mouse 156	0.3232280927567156
11829.A39.156.6	12.5	IH	-0.06451821554456949	0.2731651409994256	Mouse 156	0.32613328989076207
11829.A39.156.7	13.0	IH	-0.0265492088926938	0.3140393447853478	Mouse 156	0.32903848702480853
11829.A39.156.8	13.5	IH	-0.05186894646286794	0.2916248043492201	Mouse 156	0.331943684158855
11829.A39.156.9	14.0	IH	-0.11008437392507081	0.2363145740210637	Mouse 156	0.33484888129290147
11829.A39.157.1	10.0	IH	0.011248526887466359	0.3047325746757646	Mouse 157	0.31160730422052973
11829.A39.157.10	14.5	IH	0.049703810267666126	0.36933463226238256	Mouse 157	0.33775407842694793
11829.A39.157.11	15.0	IH	-0.15149065643807624	0.17104536269068665	Mouse 157	0.3406592755609944
11829.A39.157.12	15.5	IH	0.055654706234938345	0.3810959224977477	Mouse 157	0.34356447269504087
11829.A39.157.13	16.0	IH	-0.13734766938465595	0.19099874401219988	Mouse 157	0.34646966982908733
11829.A39.157.14	16.5	IH	-0.040315747885303066	0.29093586264559923	Mouse 157	0.3493748669631338
11829.A39.157.15	17.0	IH	-0.005227511240364913	0.32892929642458385	Mouse 157	0.35228006409718027
11829.A39.157.16	17.5	IH	0.04523780657760046	0.3822998113765957	Mouse 157	0.35518526123122673
11829.A39.157.17	18.0	IH	0.1644643177419443	0.504431519674986	Mouse 157	0.3580904583652732
11829.A39.157.18	18.5	IH	-0.09945612475331231	0.24341627431377585	Mouse 157	0.36099565549931967
11829.A39.157.19	19.0	IH	-0.00807777334650811	0.3376998228546265	Mouse 157	0.36390085263336613
11829.A39.157.20	19.5	IH	-0.0353360488389155	0.3133467444962656	Mouse 157	0.3668060497674126
11829.A39.157.3	11.0	IH	-0.0016021262746458431	0.2976923157817453	Mouse 157	0.31741769848862267
11829.A39.157.4	11.5	IH	-0.06772439790161747	0.23447524128882016	Mouse 157	0.32032289562266913
11829.A39.157.5	12.0	IH	-0.04981754338521488	0.2552872929392692	Mouse 157	0.3232280927567156
11829.A39.157.7	13.0	IH	0.07879559230549998	0.389710822898077	Mouse 157	0.32903848702480853
11829.A39.157.8	13.5	IH	0.13849111910379858	0.4523115468304221	Mouse 157	0.331943684158855
11829.A39.157.9	14.0	IH	0.0025258270909422897	0.31925145195161225	Mouse 157	0.33484888129290147
11829.A39.158.1	10.0	IH	0.056787185936283124	0.3392803918231399	Mouse 158	0.31160730422052973
11829.A39.158.10	14.5	IH	-0.0419468364939799	0.2666931435992951	Mouse 158	0.33775407842694793
11829.A39.158.11	15.0	IH	0.10234873671792072	0.41389391394524216	Mouse 158	0.3406592755609944
11829.A39.158.12	15.5	IH	-0.15802562975513146	0.15642474460623645	Mouse 158	0.34356447269504087
11829.A39.158.13	16.0	IH	0.040346684831807145	0.3577022563272215	Mouse 158	0.34646966982908733
11829.A39.158.14	16.5	IH	-0.042390802354089874	0.27786996627537097	Mouse 158	0.3493748669631338
11829.A39.158.15	17.0	IH	0.058085144968881286	0.3812511107323886	Mouse 158	0.35228006409718027
11829.A39.158.16	17.5	IH	0.04438533850813359	0.37045650140568737	Mouse 158	0.35518526123122673
11829.A39.158.17	18.0	IH	0.11325740481161994	0.4422337648432202	Mouse 158	0.3580904583652732
11829.A39.158.18	18.5	IH	0.0007736194039114075	0.3326551765695581	Mouse 158	0.36099565549931967
11829.A39.158.19	19.0	IH	0.009655427005947737	0.3444421813056409	Mouse 158	0.36390085263336613
11829.A39.158.20	19.5	IH	0.12251651556942506	0.4602084670031647	Mouse 158	0.3668060497674126
11829.A39.158.21	20.0	IH	0.03929003803496961	0.3798871866027557	Mouse 158	0.36971124690145907
11829.A39.158.3	11.0	IH	-0.039552255523294666	0.24875134463165505	Mouse 158	0.31741769848862267
11829.A39.158.4	11.5	IH	-0.08789367536843562	0.20331512192056056	Mouse 158	0.32032289562266913
11829.A39.158.5	12.0	IH	-0.19467834379404145	0.0994356506290012	Mouse 158	0.3232280927567156
11829.A39.158.6	12.5	IH	0.04329047309124795	0.34030966464833706	Mouse 158	0.32613328989076207
11829.A39.158.8	13.5	IH	-0.17637742440762397	0.12645216141755808	Mouse 158	0.331943684158855
11829.A39.158.9	14.0	IH	0.029365922335307493	0.335100705294536	Mouse 158	0.33484888129290147
11829.A40.160.1	10.0	IC	0.24506163183385266	0.5234566522401369	Mouse 160	0.3215817360314489
11829.A40.160.10	14.5	IC	-0.14809690754178528	0.13567461961551475	Mouse 160	0.32695824278246466
11829.A40.160.11	15.0	IC	-0.05246888902702662	0.2319000277692751	Mouse 160	0.3275556324214664
11829.A40.160.12	15.5	IC	-0.1001899280804594	0.18477637835484412	Mouse 160	0.32815302206046815
11829.A40.160.13	16.0	IC	-0.14702595982937208	0.13853773624493312	Mouse 160	0.32875041169946984
11829.A40.160.14	16.5	IC	-0.12550407693319449	0.16065700878011252	Mouse 160	0.32934780133847164
11829.A40.160.15	17.0	IC	-0.15352224074552537	0.13323623460678333	Mouse 160	0.3299451909774734
11829.A40.160.16	17.5	IC	0.06895861483228188	0.3563144798235924	Mouse 160	0.3305425806164751
11829.A40.160.17	18.0	IC	0.1427949246339899	0.4307481792643022	Mouse 160	0.3311399702554769
11829.A40.160.18	18.5	IC	-0.019550552978886693	0.2690000912904273	Mouse 160	0.3317373598944786
11829.A40.160.19	19.0	IC	-0.06840302811372118	0.2207450057945945	Mouse 160	0.33233474953348036
11829.A40.160.20	19.5	IC	-0.12149987914597396	0.1682455444013435	Mouse 160	0.3329321391724821
11829.A40.160.3	11.0	IC	-0.18182184842311722	0.09776795126117056	Mouse 160	0.32277651530945245
11829.A40.160.4	11.5	IC	-0.06287733927982997	0.2173098500434596	Mouse 160	0.3233739049484542
11829.A40.160.5	12.0	IC	0.06105870847947442	0.3418432874417657	Mouse 160	0.3239712945874559
11829.A40.160.6	12.5	IC	0.2823092882990925	0.5636912569003856	Mouse 160	0.3245686842264577
11829.A40.160.7	13.0	IC	0.20817414528777306	0.4901535035280678	Mouse 160	0.3251660738654594
11829.A40.160.8	13.5	IC	0.03233205777834691	0.31490880565764345	Mouse 160	0.32576346350446117
11829.A40.160.9	14.0	IC	0.02047137771719254	0.3036455152354909	Mouse 160	0.32636085314346297
11829.A40.162.1	10.0	IC	0.1070282654605294	0.4138869225068682	Mouse 162	0.3215817360314489
11829.A40.162.10	14.5	IC	-0.050801299995550664	0.2614338638018039	Mouse 162	0.32695824278246466
11829.A40.162.11	15.0	IC	0.019253436448748995	0.3320859898851053	Mouse 162	0.3275556324214664
11829.A40.162.12	15.5	IC	-0.08897173807672953	0.2244582049986285	Mouse 162	0.32815302206046815
11829.A40.162.13	16.0	IC	-0.10525386746165166	0.20877346525270807	Mouse 162	0.32875041169946984
11829.A40.162.14	16.5	IC	-0.05883172557438654	0.255792996778975	Mouse 162	0.32934780133847164
11829.A40.162.15	17.0	IC	0.04992719576927618	0.36514930776163945	Mouse 162	0.3299451909774734
11829.A40.162.16	17.5	IC	-0.08558217577164412	0.2302373258597209	Mouse 162	0.3305425806164751
11829.A40.162.17	18.0	IC	-0.04149333035909303	0.2749235609112738	Mouse 162	0.3311399702554769
11829.A40.162.18	18.5	IC	0.09560656879919044	0.41262084970855895	Mouse 162	0.3317373598944786
11829.A40.162.19	19.0	IC	0.03197565617906001	0.34958732672743026	Mouse 162	0.33233474953348036
11829.A40.162.20	19.5	IC	-0.03997237981580487	0.2782366803715671	Mouse 162	0.3329321391724821
11829.A40.162.21	20.0	IC	0.037295298738898364	0.35610174856527205	Mouse 162	0.3335295288114838
11829.A40.162.3	11.0	IC	0.08130777664952499	0.38936121297386733	Mouse 162	0.32277651530945245
11829.A40.162.4	11.5	IC	0.25792066237488326	0.5665714883382273	Mouse 162	0.3233739049484542
11829.A40.162.5	12.0	IC	-0.0057526058453352125	0.30349560975701056	Mouse 162	0.3239712945874559
11829.A40.162.6	12.5	IC	-0.1284409806240837	0.18140462461726387	Mouse 162	0.3245686842264577
11829.A40.162.7	13.0	IC	-0.13679360201674684	0.17364939286360248	Mouse 162	0.3251660738654594
11829.A40.162.8	13.5	IC	-0.026764637005989078	0.284275747513362	Mouse 162	0.32576346350446117
11829.A40.162.9	14.0	IC	0.04750167735461963	0.3591394515129725	Mouse 162	0.32636085314346297
11829.A41.163.1	10.0	IC	0.0595595467560886	0.4400287092837328	Mouse 163	0.3215817360314489
11829.A41.163.10	14.5	IC	-0.11333047700387511	0.2725151922747848	Mouse 163	0.32695824278246466
11829.A41.163.11	15.0	IC	-0.09344655983250977	0.2929964990851519	Mouse 163	0.3275556324214664
11829.A41.163.12	15.5	IC	0.03290389125519316	0.4199443398118566	Mouse 163	0.32815302206046815
11829.A41.163.13	16.0	IC	0.091184997198759	0.4788228353944241	Mouse 163	0.32875041169946984
11829.A41.163.14	16.5	IC	0.043267341101550616	0.4315025689362175	Mouse 163	0.32934780133847164
11829.A41.163.15	17.0	IC	0.05967240586092004	0.4485050233345887	Mouse 163	0.3299451909774734
11829.A41.163.16	17.5	IC	-0.03499255576334381	0.3544374513493266	Mouse 163	0.3305425806164751
11829.A41.163.17	18.0	IC	-0.0034860539095797893	0.3865413428420924	Mouse 163	0.3311399702554769
11829.A41.163.18	18.5	IC	-0.05169390441941479	0.3389308819712591	Mouse 163	0.3317373598944786
11829.A41.163.19	19.0	IC	0.011661145384373961	0.4028833214140496	Mouse 163	0.33233474953348036
11829.A41.163.20	19.5	IC	0.04460402248062517	0.43642358814930254	Mouse 163	0.3329321391724821
11829.A41.163.3	11.0	IC	0.025281037956774888	0.4069449797624226	Mouse 163	0.32277651530945245
11829.A41.163.4	11.5	IC	-0.10954996514760895	0.2727113662970405	Mouse 163	0.3233739049484542
11829.A41.163.5	12.0	IC	0.0365575051721147	0.41941622625576586	Mouse 163	0.3239712945874559
11829.A41.163.6	12.5	IC	-0.014259443500905855	0.3691966672217471	Mouse 163	0.3245686842264577
11829.A41.163.7	13.0	IC	-0.01576656739455712	0.3682869329670976	Mouse 163	0.3251660738654594
11829.A41.163.8	13.5	IC	0.16336048164487804	0.5480113716455345	Mouse 163	0.32576346350446117
11829.A41.163.9	14.0	IC	0.03182680793674064	0.4170750875763989	Mouse 163	0.32636085314346297
11829.A41.164.1	10.0	IC	0.12564613428963373	0.4597775246504937	Mouse 164	0.3215817360314489
11829.A41.164.10	14.5	IC	-0.06333625229703105	0.2761716448148447	Mouse 164	0.32695824278246466
11829.A41.164.11	15.0	IC	-0.12387358628562867	0.2162317004652488	Mouse 164	0.3275556324214664
11829.A41.164.12	15.5	IC	0.0072057998328852735	0.3479084762227645	Mouse 164	0.32815302206046815
11829.A41.164.13	16.0	IC	0.005683344009439817	0.3469834100383207	Mouse 164	0.32875041169946984
11829.A41.164.14	16.5	IC	-0.1039838116878618	0.2379136439800209	Mouse 164	0.32934780133847164
11829.A41.164.15	17.0	IC	0.02505531580617687	0.3675501611130613	Mouse 164	0.3299451909774734
11829.A41.164.16	17.5	IC	0.07271208648322286	0.41580432142910906	Mouse 164	0.3305425806164751
11829.A41.164.17	18.0	IC	-0.0159418368342103	0.3277477877506777	Mouse 164	0.3311399702554769
11829.A41.164.18	18.5	IC	-0.038431779079317996	0.3058552351445717	Mouse 164	0.3317373598944786
11829.A41.164.19	19.0	IC	0.07039417887497912	0.41527858273787055	Mouse 164	0.33233474953348036
11829.A41.164.20	19.5	IC	0.00873670916214403	0.3542185026640372	Mouse 164	0.3329321391724821
11829.A41.164.3	11.0	IC	0.05262862516396538	0.3879547948028289	Mouse 164	0.32277651530945245
11829.A41.164.4	11.5	IC	-0.10237414345696041	0.23354941582090485	Mouse 164	0.3233739049484542
11829.A41.164.6	12.5	IC	0.04416703760807922	0.381285376163948	Mouse 164	0.3245686842264577
11829.A41.164.7	13.0	IC	0.1487884252189754	0.4865041534138459	Mouse 164	0.3251660738654594
11829.A41.164.8	13.5	IC	-0.03016265581349703	0.3081504620203752	Mouse 164	0.32576346350446117
11829.A41.164.9	14.0	IC	-0.048100863806625926	0.2908096436662481	Mouse 164	0.32636085314346297
11829.A41.165.10	14.5	IC	-0.13367220450656603	0.199910610079375	Mouse 165	0.32695824278246466
11829.A41.165.11	15.0	IC	0.005791444303220261	0.33997164852816303	Mouse 165	0.3275556324214664
11829.A41.165.12	15.5	IC	-0.09993896384864576	0.23483863001529875	Mouse 165	0.32815302206046815
11829.A41.165.13	16.0	IC	-0.013948542867099012	0.3214264406358472	Mouse 165	0.32875041169946984
11829.A41.165.14	16.5	IC	0.09884985864720908	0.4348222317891571	Mouse 165	0.32934780133847164
11829.A41.165.16	17.5	IC	0.0750444224390373	0.4122115748589888	Mouse 165	0.3305425806164751
11829.A41.165.17	18.0	IC	0.021689710397469086	0.3594542524564224	Mouse 165	0.3311399702554769
11829.A41.165.18	18.5	IC	-0.05700300805410968	0.2813589236438453	Mouse 165	0.3317373598944786
11829.A41.165.19	19.0	IC	0.0888528301139494	0.4278121514509061	Mouse 165	0.33233474953348036
11829.A41.165.20	19.5	IC	0.07558712752026087	0.41514383849621933	Mouse 165	0.3329321391724821
11829.A41.165.3	11.0	IC	0.09693087191047728	0.4263319590234061	Mouse 165	0.32277651530945245
11829.A41.165.4	11.5	IC	0.18300832465756872	0.5130068014094993	Mouse 165	0.3233739049484542
11829.A41.165.5	12.0	IC	-0.09768071372034595	0.2329151526705863	Mouse 165	0.3239712945874559
11829.A41.165.6	12.5	IC	-0.12594347841538517	0.20524977761454888	Mouse 165	0.3245686842264577
11829.A41.165.7	13.0	IC	-0.09919112374287944	0.23259952192605635	Mouse 165	0.3251660738654594
11829.A41.166.1	10.0	IC	-0.11972357171508174	0.2757934840345625	Mouse 166	0.3215817360314489
11829.A41.166.10	14.5	IC	-0.07596495418868027	0.3249286083119797	Mouse 166	0.32695824278246466
11829.A41.166.11	15.0	IC	0.04299284623113564	0.4444837983707974	Mouse 166	0.3275556324214664
11829.A41.166.12	15.5	IC	-0.08710010375954913	0.31498823801911435	Mouse 166	0.32815302206046815
11829.A41.166.13	16.0	IC	0.07706970547510711	0.4797554368927723	Mouse 166	0.32875041169946984
11829.A41.166.14	16.5	IC	0.1035382176539551	0.5068213387106221	Mouse 166	0.32934780133847164
11829.A41.166.15	17.0	IC	0.0689481789098168	0.4728286896054855	Mouse 166	0.3299451909774734
11829.A41.166.16	17.5	IC	0.04349087893886433	0.4479687792735348	Mouse 166	0.3305425806164751
11829.A41.166.17	18.0	IC	0.04426296291113002	0.4493382528848023	Mouse 166	0.3311399702554769
11829.A41.166.18	18.5	IC	-0.09360661895440564	0.3120660606582683	Mouse 166	0.3317373598944786
11829.A41.166.19	19.0	IC	0.06038411235378521	0.4666541816054609	Mouse 166	0.33233474953348036
11829.A41.166.20	19.5	IC	-0.03430388092073233	0.3725635779699451	Mouse 166	0.3329321391724821
11829.A41.166.21	20.0	IC	0.021187403310451824	0.42865225184013095	Mouse 166	0.3335295288114838
11829.A41.166.3	11.0	IC	-7.338294349640284e-05	0.3966384520841514	Mouse 166	0.32277651530945245
11829.A41.166.4	11.5	IC	0.019238423014653006	0.41654764768130254	Mouse 166	0.3233739049484542
11829.A41.166.5	12.0	IC	-0.06922209887168779	0.32868451543396343	Mouse 166	0.3239712945874559
11829.A41.166.6	12.5	IC	0.1178318843213424	0.5163358882659954	Mouse 166	0.3245686842264577
11829.A41.166.7	13.0	IC	0.14356466127532602	0.5426660548589808	Mouse 166	0.3251660738654594
11829.A41.166.8	13.5	IC	-0.018175683441759294	0.3815230997808972	Mouse 166	0.32576346350446117
11829.A41.166.9	14.0	IC	-0.03924248471885522	0.3610536881428031	Mouse 166	0.32636085314346297
11829.A42.168.1	10.0	IC	0.17842890715021298	0.5559426106945947	Mouse 168	0.3215817360314489
11829.A42.168.10	14.5	IC	0.15186714225735998	0.5347573525527575	Mouse 168	0.32695824278246466
11829.A42.168.11	15.0	IC	-0.04802118200411298	0.3354664179302862	Mouse 168	0.3275556324214664
11829.A42.168.12	15.5	IC	-0.1135165350344089	0.2705684545389921	Mouse 168	0.32815302206046815
11829.A42.168.13	16.0	IC	-0.13490034359443798	0.2497820356179647	Mouse 168	0.32875041169946984
11829.A42.168.14	16.5	IC	0.11374998883296283	0.4990297576843673	Mouse 168	0.32934780133847164
11829.A42.168.15	17.0	IC	-0.09116627299655167	0.2947108854938545	Mouse 168	0.3299451909774734
11829.A42.168.16	17.5	IC	0.17889855997676585	0.5653731081061738	Mouse 168	0.3305425806164751
11829.A42.168.17	18.0	IC	0.1455805031709444	0.5326524409393542	Mouse 168	0.3311399702554769
11829.A42.168.18	18.5	IC	0.13693325667808853	0.5246025840855	Mouse 168	0.3317373598944786
11829.A42.168.19	19.0	IC	0.044309047239684485	0.4325757642860976	Mouse 168	0.33233474953348036
11829.A42.168.20	19.5	IC	0.10857037528226487	0.4974344819676798	Mouse 168	0.3329321391724821
11829.A42.168.3	11.0	IC	-0.23261834713841673	0.1460901356839685	Mouse 168	0.32277651530945245
11829.A42.168.4	11.5	IC	-0.16650849587810934	0.2127973765832777	Mouse 168	0.3233739049484542
11829.A42.168.5	12.0	IC	-0.20524830178366238	0.17465496031672634	Mouse 168	0.3239712945874559
11829.A42.168.6	12.5	IC	0.05877241692109969	0.4392730686604902	Mouse 168	0.3245686842264577
11829.A42.168.7	13.0	IC	-0.1529147001018562	0.228183341276536	Mouse 168	0.3251660738654594
11829.A42.168.8	13.5	IC	0.0880766842129882	0.4697721152303822	Mouse 168	0.32576346350446117
11829.A42.168.9	14.0	IC	0.09486251264434714	0.47715533330074295	Mouse 168	0.32636085314346297
11829.A42.169.1	10.0	IC	-0.02122993430313752	0.3006212154212884	Mouse 169	0.3215817360314489
11829.A42.169.10	14.5	IC	-0.1187182209478978	0.20850943552754386	Mouse 169	0.32695824278246466
11829.A42.169.12	15.5	IC	-0.04804533015666762	0.28037710559677753	Mouse 169	0.32815302206046815
11829.A42.169.13	16.0	IC	0.08598526015556757	0.4150050855480144	Mouse 169	0.32875041169946984
11829.A42.169.14	16.5	IC	0.056734253090542974	0.3863514681219916	Mouse 169	0.32934780133847164
11829.A42.169.15	17.0	IC	0.054537940204806123	0.3847525448752565	Mouse 169	0.3299451909774734
11829.A42.169.16	17.5	IC	0.012040862643873163	0.3428528569533253	Mouse 169	0.3305425806164751
11829.A42.169.17	18.0	IC	0.033146147045816754	0.3645555309942707	Mouse 169	0.3311399702554769
11829.A42.169.18	18.5	IC	-0.10451874945665132	0.2274880241308043	Mouse 169	0.3317373598944786
11829.A42.169.19	19.0	IC	0.1548196902555639	0.4874238534820213	Mouse 169	0.33233474953348036
11829.A42.169.20	19.5	IC	0.21998612636841836	0.5531876792338775	Mouse 169	0.3329321391724821
11829.A42.169.21	20.0	IC	0.09646020507248265	0.43025914757694345	Mouse 169	0.3335295288114838
11829.A42.169.3	11.0	IC	-0.09142450589139631	0.23162142311103315	Mouse 169	0.32277651530945245
11829.A42.169.5	12.0	IC	-0.15219307831040435	0.17204762997002854	Mouse 169	0.3239712945874559
11829.A42.169.6	12.5	IC	-0.09850033974745939	0.2263377581719753	Mouse 169	0.3245686842264577
11829.A42.169.7	13.0	IC	-0.07469632487822342	0.250739162680213	Mouse 169	0.3251660738654594
11829.A42.169.8	13.5	IC	0.0889246823883047	0.4149575595857429	Mouse 169	0.32576346350446117
11829.A42.169.9	14.0	IC	-0.09256133024808222	0.23406893658835776	Mouse 169	0.32636085314346297
11829.A42.170.1	10.0	IC	0.1719923598422432	0.41776261378755736	Mouse 170	0.3215817360314489
11829.A42.170.10	14.5	IC	-0.0702750642881321	0.1808716964081978	Mouse 170	0.32695824278246466
11829.A42.170.11	15.0	IC	0.02328524751036487	0.2750293978456965	Mouse 170	0.3275556324214664
11829.A42.170.12	15.5	IC	-0.0333279931074304	0.219013546866903	Mouse 170	0.32815302206046815
11829.A42.170.13	16.0	IC	0.0944117934095044	0.3473507230228395	Mouse 170	0.32875041169946984
11829.A42.170.14	16.5	IC	-0.028618426680190795	0.2249178925721461	Mouse 170	0.32934780133847164
11829.A42.170.15	17.0	IC	0.1413434229372692	0.39547713182860783	Mouse 170	0.3299451909774734
11829.A42.170.16	17.5	IC	0.013310110497698258	0.26804120902803863	Mouse 170	0.3305425806164751
11829.A42.170.17	18.0	IC	-0.060595402243896784	0.1947330859254454	Mouse 170	0.3311399702554769
11829.A42.170.18	18.5	IC	0.050593260716680355	0.3065191385250242	Mouse 170	0.3317373598944786
11829.A42.170.19	19.0	IC	-0.1114946037734125	0.1450286636739331	Mouse 170	0.33233474953348036
11829.A42.170.20	19.5	IC	-0.04124701148089607	0.21587364560545128	Mouse 170	0.3329321391724821
11829.A42.170.21	20.0	IC	0.01597808366843495	0.273696130393784	Mouse 170	0.3335295288114838
11829.A42.170.3	11.0	IC	-0.06569533675791903	0.18126969646539867	Mouse 170	0.32277651530945245
11829.A42.170.4	11.5	IC	0.060042909540111045	0.3076053324024305	Mouse 170	0.3233739049484542
11829.A42.170.5	12.0	IC	-0.09804776441482851	0.15011204808649262	Mouse 170	0.3239712945874559
11829.A42.170.6	12.5	IC	0.03465712731698406	0.283414329457307	Mouse 170	0.3245686842264577
11829.A42.170.7	13.0	IC	-0.07743910401298093	0.17191548776634374	Mouse 170	0.3251660738654594
11829.A42.170.8	13.5	IC	-0.1645264084605994	0.08542557295772701	Mouse 170	0.32576346350446117
11829.A42.170.9	14.0	IC	-0.06464816742774782	0.1859012036295804	Mouse 170	0.32636085314346297
11829.A43.171.1	10.0	IC	0.2849870268336744	0.6349029648751643	Mouse 171	0.3215817360314489
11829.A43.171.10	14.5	IC	-0.044453446138802366	0.3108389986537033	Mouse 171	0.32695824278246466
11829.A43.171.11	15.0	IC	-0.03643123704946588	0.3194585973820415	Mouse 171	0.3275556324214664
11829.A43.171.12	15.5	IC	-0.131481359905615	0.22500586416489415	Mouse 171	0.32815302206046815
11829.A43.171.13	16.0	IC	0.019324816935173794	0.37640943064468463	Mouse 171	0.32875041169946984
11829.A43.171.14	16.5	IC	-0.01843734627969479	0.33924465706881785	Mouse 171	0.32934780133847164
11829.A43.171.15	17.0	IC	-0.06145551870073729	0.2968238742867771	Mouse 171	0.3299451909774734
11829.A43.171.16	17.5	IC	0.15134345268917182	0.5102202353156879	Mouse 171	0.3305425806164751
11829.A43.171.17	18.0	IC	0.09417552407081037	0.4536496963363283	Mouse 171	0.3311399702554769
11829.A43.171.18	18.5	IC	-0.09948089933349757	0.26059066257102204	Mouse 171	0.3317373598944786
11829.A43.171.19	19.0	IC	-0.005495501636599731	0.3551734499069216	Mouse 171	0.33233474953348036
11829.A43.171.20	19.5	IC	0.04438463785623492	0.405650979038758	Mouse 171	0.3329321391724821
11829.A43.171.21	20.0	IC	-0.019107143190333575	0.3427565876311912	Mouse 171	0.3335295288114838
11829.A43.171.3	11.0	IC	-0.2076055856007237	0.14350513171876975	Mouse 171	0.32277651530945245
11829.A43.171.4	11.5	IC	-0.08689021947044917	0.264817887488046	Mouse 171	0.3233739049484542
11829.A43.171.5	12.0	IC	0.016456595673629004	0.3687620922711259	Mouse 171	0.3239712945874559
11829.A43.171.6	12.5	IC	0.21102797204440538	0.5639308582809041	Mouse 171	0.3245686842264577
11829.A43.171.7	13.0	IC	0.022868115763100993	0.3763683916386014	Mouse 171	0.3251660738654594
11829.A43.171.8	13.5	IC	0.07312503518541502	0.4272227006999172	Mouse 171	0.32576346350446117
11829.A43.171.9	14.0	IC	-0.12825587480116576	0.2264391803523382	Mouse 171	0.32636085314346297
11829.A43.172.10	14.5	IC	0.005216522851869909	0.27609447912553997	Mouse 172	0.32695824278246466
11829.A43.172.11	15.0	IC	-0.05047754560172851	0.2209978003109433	Mouse 172	0.3275556324214664
11829.A43.172.12	15.5	IC	-0.05629272367688376	0.2157800118747898	Mouse 172	0.32815302206046815
11829.A43.172.13	16.0	IC	-0.06017121901176828	0.21249890617890696	Mouse 172	0.32875041169946984
11829.A43.172.14	16.5	IC	0.02587727410550761	0.29914478893518465	Mouse 172	0.32934780133847164
11829.A43.172.15	17.0	IC	0.01666994933271887	0.29053485380139765	Mouse 172	0.3299451909774734
11829.A43.172.16	17.5	IC	-0.05922473528129324	0.2152375588263873	Mouse 172	0.3305425806164751
11829.A43.172.17	18.0	IC	0.04261158058068848	0.3176712643273708	Mouse 172	0.3311399702554769
11829.A43.172.18	18.5	IC	-0.020387074900509616	0.2552699984851744	Mouse 172	0.3317373598944786
11829.A43.172.19	19.0	IC	0.015536841394406364	0.2917913044190921	Mouse 172	0.33233474953348036
11829.A43.172.20	19.5	IC	-0.010636807213370902	0.2662150454503166	Mouse 172	0.3329321391724821
11829.A43.172.21	20.0	IC	-0.05420853820472174	0.22324070409796745	Mouse 172	0.3335295288114838
11829.A43.172.3	11.0	IC	0.035899887224483784	0.30259611602514164	Mouse 172	0.32277651530945245
11829.A43.172.4	11.5	IC	-0.06504461996786975	0.20224899847178984	Mouse 172	0.3233739049484542
11829.A43.172.5	12.0	IC	-0.08369087516152968	0.1842001329171316	Mouse 172	0.3239712945874559
11829.A43.172.6	12.5	IC	0.0782412135064528	0.3467296112241159	Mouse 172	0.3245686842264577
11829.A43.172.7	13.0	IC	0.025343783137024067	0.2944295704936889	Mouse 172	0.3251660738654594
11829.A43.172.8	13.5	IC	0.08994349531488433	0.3596266723105509	Mouse 172	0.32576346350446117
11829.A43.172.9	14.0	IC	-0.030773060993511875	0.2395075056411565	Mouse 172	0.32636085314346297
11829.A43.173.1	10.0	IC	0.2899285713511397	0.5238167343268593	Mouse 173	0.3215817360314489
11829.A43.173.10	14.5	IC	-0.005371548792503983	0.23389312093423134	Mouse 173	0.32695824278246466
11829.A43.173.11	15.0	IC	0.003731133824347921	0.243593193190085	Mouse 173	0.3275556324214664
11829.A43.173.12	15.5	IC	0.08185775258339156	0.3223172015881304	Mouse 173	0.32815302206046815
11829.A43.173.13	16.0	IC	-0.08676993235651762	0.15428690628722289	Mouse 173	0.32875041169946984
11829.A43.173.14	16.5	IC	0.05069546400462421	0.2923496922873665	Mouse 173	0.32934780133847164
11829.A43.173.15	17.0	IC	-0.05063397453490953	0.1916176433868345	Mouse 173	0.3299451909774734
11829.A43.173.16	17.5	IC	0.019161016844390533	0.2620100244051363	Mouse 173	0.3305425806164751
11829.A43.173.17	18.0	IC	-0.045253501362894494	0.1981928958368531	Mouse 173	0.3311399702554769
11829.A43.173.18	18.5	IC	-0.0324589259020214	0.21158486093672788	Mouse 173	0.3317373598944786
11829.A43.173.19	19.0	IC	0.02391970742500027	0.2685608839027513	Mouse 173	0.33233474953348036
11829.A43.173.20	19.5	IC	-0.06453549908597211	0.18070306703078065	Mouse 173	0.3329321391724821
11829.A43.173.3	11.0	IC	-0.11151834082198213	0.12356460143174099	Mouse 173	0.32277651530945245
11829.A43.173.4	11.5	IC	-0.06537293597134297	0.1703073959213819	Mouse 173	0.3233739049484542
11829.A43.173.5	12.0	IC	-0.043930845641088845	0.1923468758906377	Mouse 173	0.3239712945874559
11829.A43.173.6	12.5	IC	-0.046649619774136536	0.1902254913965918	Mouse 173	0.3245686842264577
11829.A43.173.7	13.0	IC	-0.04877150574160824	0.18870099506812185	Mouse 173	0.3251660738654594
11829.A43.173.8	13.5	IC	-0.10274550375325589	0.13532438669547595	Mouse 173	0.32576346350446117
11829.A43.173.9	14.0	IC	-0.00854338667217508	0.23012389341555856	Mouse 173	0.32636085314346297
11829.A43.174.1	10.0	IC	0.2267155309795767	0.5892598477087279	Mouse 174	0.3215817360314489
11829.A43.174.10	14.5	IC	-0.1755850689552085	0.1923357545249584	Mouse 174	0.32695824278246466
11829.A43.174.11	15.0	IC	0.055342790924502006	0.42386100404367066	Mouse 174	0.3275556324214664
11829.A43.174.12	15.5	IC	0.06963897303698119	0.4387545757951516	Mouse 174	0.32815302206046815
11829.A43.174.13	16.0	IC	-0.131772586257276	0.2379404061398961	Mouse 174	0.32875041169946984
11829.A43.174.14	16.5	IC	-0.027172597837379076	0.3431377841987948	Mouse 174	0.32934780133847164
11829.A43.174.15	17.0	IC	0.09613286467928456	0.4670406363544602	Mouse 174	0.3299451909774734
11829.A43.174.16	17.5	IC	0.10231238352333222	0.4738175448375096	Mouse 174	0.3305425806164751
11829.A43.174.17	18.0	IC	-0.17251321671060602	0.19958933424257316	Mouse 174	0.3311399702554769
11829.A43.174.18	18.5	IC	-0.0830182035309392	0.2896817370612417	Mouse 174	0.3317373598944786
11829.A43.174.19	19.0	IC	0.031077924004255075	0.4043752542354377	Mouse 174	0.33233474953348036
11829.A43.174.20	19.5	IC	0.07570574474099562	0.44960046461118	Mouse 174	0.3329321391724821
11829.A43.174.3	11.0	IC	0.03101514379837539	0.3947542398055301	Mouse 174	0.32277651530945245
11829.A43.174.4	11.5	IC	-0.07407548033272349	0.29026100531343296	Mouse 174	0.3233739049484542
11829.A43.174.5	12.0	IC	0.10338169926269725	0.4683155745478554	Mouse 174	0.3239712945874559
11829.A43.174.6	12.5	IC	0.06289809946064845	0.4284293643848084	Mouse 174	0.3245686842264577
11829.A43.174.7	13.0	IC	0.027719298783766444	0.3938479533469281	Mouse 174	0.3251660738654594
11829.A43.174.8	13.5	IC	0.07218519002424473	0.43891123422640815	Mouse 174	0.32576346350446117
11829.A43.174.9	14.0	IC	-0.1763583361791705	0.19096509766199474	Mouse 174	0.32636085314346297
11829.A44.175.1	10.0	Air	-0.04595558985271381	0.30833420985197163	Mouse 175	0.37324229079891913
11829.A44.175.10	14.5	Air	-0.02769659967130833	0.2867241468342612	Mouse 175	0.3333732375998032
11829.A44.175.11	15.0	Air	-0.15152656330259145	0.15846428840307625	Mouse 175	0.3289433427999014
11829.A44.175.12	15.5	Air	-0.020069260265297484	0.2854916966404684	Mouse 175	0.3245134479999996
11829.A44.175.13	16.0	Air	-0.010851861170864618	0.29027920093499954	Mouse 175	0.32008355320009785
11829.A44.175.14	16.5	Air	0.17387543287701157	0.470576600182974	Mouse 175	0.3156536584001961
11829.A44.175.15	17.0	Air	0.03826520082174373	0.33053647332780434	Mouse 175	0.3112237636002943
11829.A44.175.3	11.0	Air	0.05556681711549222	0.4009968272203741	Mouse 175	0.3643825011991156
11829.A44.175.4	11.5	Air	0.021175754643679323	0.3621758699486594	Mouse 175	0.3599526063992138
11829.A44.175.5	12.0	Air	-0.034930477705509444	0.3016397427995689	Mouse 175	0.35552271159931204
11829.A44.175.6	12.5	Air	0.09657729306711432	0.4287176187722909	Mouse 175	0.3510928167994103
11829.A44.175.7	13.0	Air	-0.018061250294904685	0.3096491806103701	Mouse 175	0.3466629219995085
11829.A44.175.8	13.5	Air	-0.06002634648240651	0.2632541896229665	Mouse 175	0.3422330271996067
11829.A44.175.9	14.0	Air	-0.0689167390507214	0.24993390225474985	Mouse 175	0.33780313239970494
11829.A44.176.1	10.0	Air	-0.14839836074776286	0.2539205229440458	Mouse 176	0.37324229079891913
11829.A44.176.10	14.5	Air	0.09211389173984397	0.4545637222325367	Mouse 176	0.3333732375998032
11829.A44.176.11	15.0	Air	0.16300215917663413	0.5210220948694251	Mouse 176	0.3289433427999014
11829.A44.176.12	15.5	Air	0.12000526022909824	0.4735953011219874	Mouse 176	0.3245134479999996
11829.A44.176.13	16.0	Air	-0.06519393670918594	0.28396620938380146	Mouse 176	0.32008355320009785
11829.A44.176.14	16.5	Air	-0.011351935486691334	0.3333783158063943	Mouse 176	0.3156536584001961
11829.A44.176.15	17.0	Air	0.03002748156766627	0.3703278380608501	Mouse 176	0.3112237636002943
11829.A44.176.3	11.0	Air	0.02409743500876238	0.4175565291007675	Mouse 176	0.3643825011991156
11829.A44.176.4	11.5	Air	-0.03056504643588187	0.35846415285622146	Mouse 176	0.3599526063992138
11829.A44.176.5	12.0	Air	-0.03137816902836821	0.3532211354638334	Mouse 176	0.35552271159931204
11829.A44.176.6	12.5	Air	0.014660620338892039	0.3948300300311919	Mouse 176	0.3510928167994103
11829.A44.176.7	13.0	Air	-0.007067147842661825	0.3686723670497362	Mouse 176	0.3466629219995085
11829.A44.176.8	13.5	Air	-0.07288974807797294	0.2984198720145233	Mouse 176	0.3422330271996067
11829.A44.176.9	14.0	Air	0.0035959326976403028	0.3704756579902348	Mouse 176	0.33780313239970494
11829.A44.177.1	10.0	Air	0.11963863829854005	0.44991682919343057	Mouse 177	0.37324229079891913
11829.A44.177.10	14.5	Air	-0.12347198967722878	0.1669371480185458	Mouse 177	0.3333732375998032
11829.A44.177.11	15.0	Air	0.026692282076363594	0.3126715249722363	Mouse 177	0.3289433427999014
11829.A44.177.12	15.5	Air	0.1819990140415751	0.4635483621375461	Mouse 177	0.3245134479999996
11829.A44.177.13	16.0	Air	0.029929130388561598	0.30704858368463084	Mouse 177	0.32008355320009785
11829.A44.177.14	16.5	Air	-0.046176925213224584	0.2265126332829429	Mouse 177	0.3156536584001961
11829.A44.177.15	17.0	Air	0.01566363743166438	0.28392330112793	Mouse 177	0.3112237636002943
11829.A44.177.16	17.5	Air	-0.0198263349837991	0.2440034339125648	Mouse 177	0.3067938688003925
11829.A44.177.17	18.0	Air	0.014667629569837082	0.27406750366629923	Mouse 177	0.30236397400049075
11829.A44.177.18	18.5	Air	0.005888744150085723	0.2608587234466461	Mouse 177	0.297934079200589
11829.A44.177.19	19.0	Air	0.04449174489808411	0.29503182939474265	Mouse 177	0.2935041844006872
11829.A44.177.20	19.5	Air	0.04310866965475965	0.2892188593515164	Mouse 177	0.2890742896007854
11829.A44.177.3	11.0	Air	-0.09949168495377533	0.2219267163413116	Mouse 177	0.3643825011991156
11829.A44.177.4	11.5	Air	-0.14288616505373308	0.1741023414414521	Mouse 177	0.3599526063992138
11829.A44.177.5	12.0	Air	0.018467495194299077	0.3310261068895825	Mouse 177	0.35552271159931204
11829.A44.177.6	12.5	Air	-0.04168880703255956	0.2664399098628221	Mouse 177	0.3510928167994103
11829.A44.177.7	13.0	Air	-0.016538938426097105	0.2871598836693827	Mouse 177	0.3466629219995085
11829.A44.177.8	13.5	Air	-0.015359448457773761	0.2839094788378043	Mouse 177	0.3422330271996067
11829.A44.177.9	14.0	Air	-0.11428905737898545	0.18054997511669088	Mouse 177	0.33780313239970494
11829.A44.178.1	10.0	Air	0.3129433954979636	0.696670628132749	Mouse 178	0.37324229079891913
11829.A44.178.10	14.5	Air	0.06588281622150394	0.4097409956571735	Mouse 178	0.3333732375998032
11829.A44.178.11	15.0	Air	-0.05575459750103712	0.2836736871347306	Mouse 178	0.3289433427999014
11829.A44.178.13	16.0	Air	0.049200342496207194	0.3797688375321714	Mouse 178	0.32008355320009785
11829.A44.178.14	16.5	Air	-0.04328269037578414	0.2828559098602783	Mouse 178	0.3156536584001961
11829.A44.178.15	17.0	Air	-0.0004240436943804826	0.32128466174178016	Mouse 178	0.3112237636002943
11829.A44.178.16	17.5	Air	-0.014662082285887723	0.3026167283503711	Mouse 178	0.3067938688003925
11829.A44.178.17	18.0	Air	-0.004904705108603968	0.30794421072775313	Mouse 178	0.30236397400049075
11829.A44.178.18	18.5	Air	-0.08429600283485655	0.2241230182015988	Mouse 178	0.297934079200589
11829.A44.178.19	19.0	Air	-0.019930508272384073	0.2840586179641695	Mouse 178	0.2935041844006872
11829.A44.178.20	19.5	Air	0.15427095059924623	0.453830182035898	Mouse 178	0.2890742896007854
11829.A44.178.21	20.0	Air	-0.04676780143463191	0.2483615352021181	Mouse 178	0.28464439480088366
11829.A44.178.4	11.5	Air	-0.10282876117521655	0.2676087870598636	Mouse 178	0.3599526063992138
11829.A44.178.5	12.0	Air	-0.17337813172622482	0.19262952170895356	Mouse 178	0.35552271159931204
11829.A44.178.6	12.5	Air	0.053201707041363955	0.4147794656766406	Mouse 178	0.3510928167994103
11829.A44.178.7	13.0	Air	-0.06018467042560216	0.2969631934097727	Mouse 178	0.3466629219995085
11829.A45.179.1	10.0	Air	-0.035346225062255154	0.3388243379327525	Mouse 179	0.37324229079891913
11829.A45.179.10	14.5	Air	-0.1275155064376635	0.20678600335822825	Mouse 179	0.3333732375998032
11829.A45.179.12	15.5	Air	-0.07929890389843844	0.2461428162976497	Mouse 179	0.3245134479999996
11829.A45.179.13	16.0	Air	-0.05457740683226109	0.2664344185639253	Mouse 179	0.32008355320009785
11829.A45.179.14	16.5	Air	-0.06336720696583936	0.2532147236304453	Mouse 179	0.3156536584001961
11829.A45.179.15	17.0	Air	-0.07217951414756593	0.2399725216488169	Mouse 179	0.3112237636002943
11829.A45.179.16	17.5	Air	0.037729742593672344	0.3454518835901534	Mouse 179	0.3067938688003925
11829.A45.179.17	18.0	Air	-0.06628496469300754	0.23700728150357175	Mouse 179	0.30236397400049075
11829.A45.179.18	18.5	Air	0.056987211738159294	0.35584956313483684	Mouse 179	0.297934079200589
11829.A45.179.19	19.0	Air	-0.0025046007908449686	0.2919278558059308	Mouse 179	0.2935041844006872
11829.A45.179.20	19.5	Air	0.001678133690907413	0.29168069548778136	Mouse 179	0.2890742896007854
11829.A45.179.21	20.0	Air	0.04049008804481169	0.3260627550417839	Mouse 179	0.28464439480088366
11829.A45.179.3	11.0	Air	0.0713956926741498	0.4367064660693539	Mouse 179	0.3643825011991156
11829.A45.179.4	11.5	Air	0.03890558508047326	0.3997864636757756	Mouse 179	0.3599526063992138
11829.A45.179.5	12.0	Air	0.02720822372250903	0.3836592075179096	Mouse 179	0.35552271159931204
11829.A45.179.6	12.5	Air	0.29233164374303494	0.6443527327385338	Mouse 179	0.3510928167994103
11829.A45.179.7	13.0	Air	-0.12788335295509023	0.2197078412405068	Mouse 179	0.3466629219995085
11829.A45.179.8	13.5	Air	-0.022399860034576724	0.3207614393611185	Mouse 179	0.3422330271996067
11829.A45.179.9	14.0	Air	0.08720624657203602	0.4259376511678295	Mouse 179	0.33780313239970494
11829.A45.180.1	10.0	Air	0.10570403012504787	0.502366015361392	Mouse 180	0.37324229079891913
11829.A45.180.10	14.5	Air	-0.030490051077886937	0.3263028809593413	Mouse 180	0.3333732375998032
11829.A45.180.11	15.0	Air	-0.0637287927187905	0.2886342445185359	Mouse 180	0.3289433427999014
11829.A45.180.12	15.5	Air	-0.07926497860502513	0.2686681638323995	Mouse 180	0.3245134479999996
11829.A45.180.13	16.0	Air	0.011988663330269433	0.3554919109677923	Mouse 180	0.32008355320009785
11829.A45.180.14	16.5	Air	0.11631879928474415	0.4553921521223653	Mouse 180	0.3156536584001961
11829.A45.180.15	17.0	Air	-0.08474101689277094	0.2499024411449484	Mouse 180	0.3112237636002943
11829.A45.180.16	17.5	Air	-0.09311641891133643	0.2370971443264811	Mouse 180	0.3067938688003925
11829.A45.180.17	18.0	Air	0.1452410744354835	0.4710247428733993	Mouse 180	0.30236397400049075
11829.A45.180.18	18.5	Air	0.052321153034796175	0.3736749266728102	Mouse 180	0.297934079200589
11829.A45.180.19	19.0	Air	0.08854608340694459	0.4054699622450568	Mouse 180	0.2935041844006872
11829.A45.180.20	19.5	Air	0.05946240198859104	0.3719563860268015	Mouse 180	0.2890742896007854
11829.A45.180.21	20.0	Air	0.19661124131888225	0.5046753305571909	Mouse 180	0.28464439480088366
11829.A45.180.3	11.0	Air	0.06575100888370766	0.4535532045202483	Mouse 180	0.3643825011991156
11829.A45.180.4	11.5	Air	-0.0943811124330523	0.2889911884035865	Mouse 180	0.3599526063992138
11829.A45.180.5	12.0	Air	-0.18357144602820072	0.19537096000853635	Mouse 180	0.35552271159931204
11829.A45.180.6	12.5	Air	-0.11498740316888723	0.2595251080679481	Mouse 180	0.3510928167994103
11829.A45.180.7	13.0	Air	0.14455399781372125	0.5146366142506548	Mouse 180	0.3466629219995085
11829.A45.180.8	13.5	Air	-0.12417204816619792	0.2414806734708338	Mouse 180	0.3422330271996067
11829.A45.180.9	14.0	Air	-0.053078979230249346	0.3081438476068806	Mouse 180	0.33780313239970494
11829.A45.181.1	10.0	Air	0.07091609514952835	0.4421654755844384	Mouse 181	0.37324229079891913
11829.A45.181.10	14.5	Air	-0.18208874158502458	0.14929158565076955	Mouse 181	0.3333732375998032
11829.A45.181.11	15.0	Air	0.013725449903780496	0.34067588233967283	Mouse 181	0.3289433427999014
11829.A45.181.13	16.0	Air	0.019734622127683454	0.33782526496377224	Mouse 181	0.32008355320009785
11829.A45.181.14	16.5	Air	-0.13620528719215505	0.177455460844032	Mouse 181	0.3156536584001961
11829.A45.181.15	17.0	Air	-0.1268813449056904	0.18234950833059485	Mouse 181	0.3112237636002943
11829.A45.181.16	17.5	Air	-0.01518896075146503	0.2896119976849184	Mouse 181	0.3067938688003925
11829.A45.181.17	18.0	Air	0.04780826167239516	0.34817932530887685	Mouse 181	0.30236397400049075
11829.A45.181.18	18.5	Air	0.012191779253965196	0.30813294809054514	Mouse 181	0.297934079200589
11829.A45.181.19	19.0	Air	-0.04945319797188544	0.2420580760647927	Mouse 181	0.2935041844006872
11829.A45.181.20	19.5	Air	-0.07145129595308708	0.21563008328368927	Mouse 181	0.2890742896007854
11829.A45.181.21	20.0	Air	-0.059279998212724644	0.22337148622414996	Mouse 181	0.28464439480088366
11829.A45.181.3	11.0	Air	0.0040555994217840174	0.36644519025689054	Mouse 181	0.3643825011991156
11829.A45.181.4	11.5	Air	0.20456389557887134	0.5625235916140761	Mouse 181	0.3599526063992138
11829.A45.181.5	12.0	Air	0.09167831478307714	0.4452081160183801	Mouse 181	0.35552271159931204
11829.A45.181.6	12.5	Air	0.3435544219656784	0.6926543284010797	Mouse 181	0.3510928167994103
11829.A45.181.8	13.5	Air	0.00021230690535117835	0.3404524237409488	Mouse 181	0.3422330271996067
11829.A45.181.9	14.0	Air	-0.17342025132909394	0.16238997070660194	Mouse 181	0.33780313239970494
